{
    "江湖好手": 0.95,
    "搬血境初期": 0.90,
    "搬血境中期": 0.90,
    "搬血境圆满": 0.85,
    "洞天境初期": 0.85,
    "洞天境中期": 0.80,
    "洞天境圆满": 0.80,
    "化灵境初期": 0.75,
    "化灵境中期": 0.75,
    "化灵境圆满": 0.70,
    "铭纹境初期": 0.70,
    "铭纹境中期": 0.65,
    "铭纹境圆满": 0.65,
    "列阵境初期": 0.60,
    "列阵境中期": 0.60,
    "列阵境圆满": 0.55,
    "尊者境初期": 0.55,
    "尊者境中期": 0.50,
    "尊者境圆满": 0.50,
    "神火境初期": 0.45,
    "神火境中期": 0.45,
    "神火境圆满": 0.40,
    "真一境初期": 0.40,
    "真一境中期": 0.35,
    "真一境圆满": 0.35,
    "圣祭境初期": 0.30,
    "圣祭境中期": 0.30,
    "圣祭境圆满": 0.25,
    "天神境初期": 0.25,
    "天神境中期": 0.20,
    "天神境圆满": 0.20,
    "虚道境初期": 0.15,
    "虚道境中期": 0.15,
    "虚道境圆满": 0.10,
    "斩我境初期": 0.10,
    "斩我境中期": 0.09,
    "斩我境圆满": 0.08,
    "遁一境初期": 0.07,
    "遁一境中期": 0.06,
    "遁一境圆满": 0.05,
    "至尊境初期": 0.04,
    "至尊境中期": 0.03,
    "至尊境圆满": 0.02,
    "真仙境初期": 0.015,
    "真仙境中期": 0.01,
    "真仙境圆满": 0.008,
    "仙王境初期": 0.006,
    "仙王境中期": 0.004,
    "仙王境圆满": 0.002,
    "准帝境初期": 0.001,
    "准帝境中期": 0.0008,
    "准帝境圆满": 0.0005,
    "仙帝境初期": 0.0003,
    "仙帝境中期": 0.0001,
    "仙帝境圆满": 0.00005,
    "祭道之上": 0.00001
}